Feature,Importance
Sales,0.821648759232628
Order Item Product Price,0.08843433601970364
Shipping_Duration,0.08590408158086259
Days for shipment (scheduled),0.003999826126873477
Order Item Quantity,1.2694660161262633e-05
Late_delivery_risk,3.023797709611996e-07
